{"creatorIdentifier":"com.facebook.arstudio.skylight","exportUnixTimestamp":1592471854,"projectName":"Beta2.0.arprojpkg","exportDate":"2020-06-18T09:17:34+0000","creatorPlatform":"windows","projectFileVersion":{"patch":0,"prod":90,"dev":0},"targetingPlatforms":["facebook","instagram"],"files":{"project":"Beta2.0.arprojpkg","pvr":"Beta2.0@pvr.arfx","etc":"Beta2.0@etc.arfx","basic":"Beta2.0@uncompressed.arfx"},"editorVersion":{"codename":"Skylight","version":"90.0.0.13.218","buid":"219284961","environment":"Release"}}